fold_idx,epoch,train_loss,train_acc,val_loss,val_acc,lr
1,1,1.6044381260871887,0.5344827586206896,0.9211771488189697,0.3333333333333333,0.001
1,2,0.4274374858058732,0.7931034482758621,0.2992442846298218,0.8333333333333334,0.001
1,3,0.24175000755951323,0.9137931034482759,0.3782954216003418,0.8333333333333334,0.001
1,4,0.1843063439531573,0.9310344827586207,0.30790069699287415,0.8333333333333334,0.001
1,5,0.14420872541337176,0.9482758620689655,0.14595653116703033,1.0,0.001
1,6,0.12836160074020253,0.9655172413793104,0.04793793708086014,1.0,0.001
1,7,0.16996703579508024,0.9137931034482759,0.01944134570658207,1.0,0.001
1,8,0.266327698426,0.8448275862068966,0.012933372519910336,1.0,0.001
1,9,0.4147346947213699,0.8275862068965517,0.0343547947704792,1.0,0.001
1,10,0.591066235965439,0.8275862068965517,1.2727643251419067,0.3333333333333333,0.001
1,11,0.4130487598093419,0.8103448275862069,2.0329010486602783,0.3333333333333333,0.001
1,12,0.2305588479442843,0.896551724137931,0.5676741003990173,0.6666666666666666,0.001
1,13,0.11548145298428576,0.9827586206896551,0.054353948682546616,1.0,0.001
1,14,0.027019859371899532,1.0,0.2916220724582672,0.8333333333333334,0.001
2,1,2.970410737498053,0.5172413793103449,2.033838987350464,0.6666666666666666,0.001
2,2,1.6830022293945839,0.5172413793103449,1.0856534242630005,0.5,0.001
2,3,0.898306388151029,0.6379310344827587,2.4627833366394043,0.5,0.001
2,4,0.6293744746563507,0.7758620689655172,0.6583445072174072,0.6666666666666666,0.001
2,5,0.15490845423834076,0.9482758620689655,0.8196414709091187,0.6666666666666666,0.001
2,6,0.15756172635431948,0.9310344827586207,0.8783020973205566,0.6666666666666666,0.001
2,7,0.1340902404024683,0.9482758620689655,0.7026737928390503,0.5,0.001
2,8,0.08217746934628692,0.9827586206896551,0.7449037432670593,0.5,0.001
2,9,0.07427254028554106,0.9827586206896551,0.7136679887771606,0.5,0.001
2,10,0.062346864234784555,0.9827586206896551,0.7092833518981934,0.5,0.001
3,1,3.1050271165782006,0.3620689655172414,3.1750383377075195,0.3333333333333333,0.001
3,2,1.8754495002072433,0.4827586206896552,0.1361839473247528,1.0,0.001
3,3,0.9632224703914133,0.6724137931034483,0.3582838773727417,0.8333333333333334,0.001
3,4,0.20652646709490438,0.9310344827586207,0.038906875997781754,1.0,0.001
3,5,0.27314289916178275,0.8620689655172413,0.045394960790872574,1.0,0.001
3,6,0.3138875403794749,0.8275862068965517,0.1459800750017166,0.8333333333333334,0.001
3,7,0.16777583558497758,0.9137931034482759,0.16125662624835968,0.8333333333333334,0.001
3,8,0.10205981803351435,0.9655172413793104,0.09261787682771683,1.0,0.001
3,9,0.08380300551652908,1.0,0.07897689193487167,1.0,0.001
3,10,0.07850149248180718,1.0,0.08805426955223083,1.0,0.001
4,1,1.4154403528262829,0.6206896551724138,0.7202660441398621,0.5,0.001
4,2,0.5524288071640606,0.7758620689655172,1.358702540397644,0.6666666666666666,0.001
4,3,1.3121520861469467,0.6379310344827587,2.785771608352661,0.6666666666666666,0.001
4,4,2.4356802791870873,0.5517241379310345,1.0707122087478638,0.6666666666666666,0.001
4,5,0.2899565663317154,0.896551724137931,0.7514882683753967,0.6666666666666666,0.001
4,6,0.2520296550195279,0.9137931034482759,0.8915285468101501,0.8333333333333334,0.001
4,7,0.3137165043053442,0.8620689655172413,0.7848389148712158,0.6666666666666666,0.001
5,1,1.4499513774082577,0.6379310344827587,0.4835149049758911,0.6666666666666666,0.001
5,2,0.667714983738702,0.7241379310344828,0.2356635481119156,0.8333333333333334,0.001
5,3,0.27551659402148476,0.8448275862068966,0.29622402787208557,0.8333333333333334,0.001
5,4,0.20040169949161596,0.9137931034482759,0.35475051403045654,0.8333333333333334,0.001
5,5,0.15335784441438213,0.9827586206896551,0.32356929779052734,0.8333333333333334,0.001
5,6,0.11471946139273972,0.9827586206896551,0.27539774775505066,0.8333333333333334,0.001
5,7,0.09234116997184424,1.0,0.22274364531040192,0.8333333333333334,0.001
5,8,0.07843489020035185,1.0,0.18179331719875336,1.0,0.001
5,9,0.06968734175737562,1.0,0.16742393374443054,1.0,0.001
5,10,0.06991587547135764,1.0,0.16919198632240295,1.0,0.001
5,11,0.07816662803163817,1.0,0.16796638071537018,1.0,0.001
5,12,0.07452723367846217,1.0,0.18669484555721283,1.0,0.001
5,13,0.05568899461549932,1.0,0.35749608278274536,0.8333333333333334,0.001
5,14,0.06619422478151732,0.9827586206896551,0.545913815498352,0.6666666666666666,0.001
5,15,0.07779158362797622,0.9827586206896551,0.550930917263031,0.6666666666666666,0.001
6,1,1.6759867082382072,0.46551724137931033,1.8837575912475586,0.5,0.001
6,2,1.5164602388595712,0.5172413793103449,0.6424969434738159,0.6666666666666666,0.001
6,3,0.994541100129999,0.6896551724137931,1.4924793243408203,0.5,0.001
6,4,0.4235147039951949,0.8103448275862069,0.6367760300636292,0.6666666666666666,0.001
6,5,0.22682312464919582,0.9137931034482759,0.5577816963195801,0.6666666666666666,0.001
6,6,0.2942458855245134,0.8793103448275862,0.5865981578826904,0.8333333333333334,0.001
6,7,0.21233808724530812,0.896551724137931,0.5750869512557983,0.8333333333333334,0.001
6,8,0.1335537818999126,0.9482758620689655,0.4680425822734833,0.8333333333333334,0.001
6,9,0.10868888489645102,0.9655172413793104,0.4312655031681061,0.8333333333333334,0.001
6,10,0.10109555811203759,0.9827586206896551,0.4359250068664551,0.8333333333333334,0.001
6,11,0.08882764559881441,0.9827586206896551,0.4497130811214447,0.8333333333333334,0.001
6,12,0.07476043418563645,1.0,0.442508727312088,0.8333333333333334,0.001
6,13,0.06420444658604162,1.0,0.43310248851776123,0.8333333333333334,0.001
6,14,0.056838530533272646,1.0,0.4303371012210846,0.8333333333333334,0.001
6,15,0.05282572412799145,1.0,0.4327368438243866,0.8333333333333334,0.001
6,16,0.04881259548509943,1.0,0.43459779024124146,0.8333333333333334,0.001
6,17,0.045100910717557216,1.0,0.4355866014957428,0.8333333333333334,0.001
6,18,0.04170998776781148,1.0,0.43868082761764526,0.8333333333333334,0.001
6,19,0.03988689068576385,1.0,0.43783536553382874,0.8333333333333334,0.001
6,20,0.03692893137962654,1.0,0.43938571214675903,0.8333333333333334,0.001
7,1,1.9202392656227638,0.603448275862069,1.8257725238800049,0.5,0.001
7,2,0.6471569995427954,0.7758620689655172,0.4489552080631256,0.6666666666666666,0.001
7,3,0.31603188941190985,0.8448275862068966,0.2804367244243622,0.8333333333333334,0.001
7,4,0.29756984821167487,0.8275862068965517,0.33868297934532166,0.8333333333333334,0.001
7,5,0.2750294367814886,0.8448275862068966,0.47607019543647766,0.6666666666666666,0.001
7,6,0.2287375435618491,0.8793103448275862,0.7413119077682495,0.5,0.001
7,7,0.25899078385454827,0.8620689655172413,0.6373112201690674,0.5,0.001
7,8,0.4074086155742407,0.7758620689655172,0.3065905272960663,0.8333333333333334,0.001
7,9,0.45991992687099964,0.7931034482758621,0.5469290018081665,0.6666666666666666,0.001
8,1,2.5031535954310975,0.5,4.623814582824707,0.16666666666666666,0.001
8,2,1.754351258277893,0.5517241379310345,0.2738654911518097,0.8333333333333334,0.001
8,3,1.1261188851605202,0.6724137931034483,0.46124881505966187,0.8333333333333334,0.001
8,4,0.9173712395131588,0.7068965517241379,0.9968602061271667,0.6666666666666666,0.001
8,5,0.2292789925403636,0.8793103448275862,0.42145076394081116,0.8333333333333334,0.001
8,6,0.23293595340359827,0.9137931034482759,0.2190200835466385,0.8333333333333334,0.001
8,7,0.2001522014174482,0.9137931034482759,0.29622891545295715,0.8333333333333334,0.001
8,8,0.11329206657306902,0.9827586206896551,0.40621769428253174,0.8333333333333334,0.001
8,9,0.10148723959794333,0.9655172413793104,0.38625994324684143,0.8333333333333334,0.001
8,10,0.09509809376222306,0.9827586206896551,0.32737797498703003,0.8333333333333334,0.001
8,11,0.0825890862415063,1.0,0.3118419349193573,0.8333333333333334,0.001
8,12,0.07142064212981997,1.0,0.3476950228214264,0.8333333333333334,0.001
9,1,2.1610266751256484,0.46551724137931033,0.20265908539295197,1.0,0.001
9,2,0.9519887366171541,0.603448275862069,0.4162120223045349,0.8333333333333334,0.001
9,3,0.42919042989097794,0.7586206896551724,0.9874724745750427,0.6666666666666666,0.001
9,4,0.36628918169901287,0.8620689655172413,0.9307571053504944,0.6666666666666666,0.001
9,5,0.5362231376709352,0.7931034482758621,0.17949767410755157,0.8333333333333334,0.001
9,6,0.3544824634004256,0.8448275862068966,0.14159713685512543,1.0,0.001
9,7,0.18092241934661207,0.896551724137931,0.21629387140274048,0.8333333333333334,0.001
9,8,0.12917835637927055,0.9482758620689655,0.3714670240879059,0.8333333333333334,0.001
9,9,0.10385217697455965,0.9827586206896551,0.4662861227989197,0.8333333333333334,0.001
9,10,0.08496604718524835,0.9827586206896551,0.4672788083553314,0.8333333333333334,0.001
9,11,0.07506911373087044,0.9827586206896551,0.4330945909023285,0.8333333333333334,0.001
9,12,0.06744777565372401,1.0,0.39774784445762634,0.8333333333333334,0.001
10,1,2.584227477682048,0.5172413793103449,3.9170751571655273,0.3333333333333333,0.001
10,2,1.670565377021658,0.5344827586206896,0.11984849721193314,1.0,0.001
10,3,0.7829394510080074,0.7068965517241379,0.06771909445524216,1.0,0.001
10,4,0.36173502779726324,0.8103448275862069,0.3247355818748474,0.8333333333333334,0.001
10,5,0.15078161952310595,0.9482758620689655,0.9042798280715942,0.5,0.001
10,6,0.12808389088203168,0.9655172413793104,0.6830316781997681,0.8333333333333334,0.001
10,7,0.12933618851519865,0.9655172413793104,0.32568788528442383,0.8333333333333334,0.001
10,8,0.09317459660614359,0.9827586206896551,0.2730737328529358,0.8333333333333334,0.001
10,9,0.07568502210979831,1.0,0.3940991759300232,0.8333333333333334,0.001
11,1,1.7508233343732769,0.5517241379310345,1.2920782566070557,0.5,0.001
11,2,1.179760026006863,0.603448275862069,0.9312167167663574,0.6666666666666666,0.001
11,3,0.9960521531516108,0.5862068965517241,0.5744809508323669,0.5,0.001
11,4,0.5403120999449286,0.8275862068965517,0.9117140769958496,0.6666666666666666,0.001
11,5,0.2252495301052414,0.9310344827586207,0.3882220983505249,0.6666666666666666,0.001
11,6,0.16061153327082767,0.9482758620689655,0.35033702850341797,0.8333333333333334,0.001
11,7,0.1579757016794435,0.9310344827586207,0.37556982040405273,0.6666666666666666,0.001
11,8,0.11176634708355213,0.9655172413793104,0.40181705355644226,0.8333333333333334,0.001
11,9,0.08953981024437938,0.9827586206896551,0.38407304883003235,0.6666666666666666,0.001
11,10,0.08024437507164889,0.9827586206896551,0.39036881923675537,0.6666666666666666,0.001
11,11,0.08066084826814718,1.0,0.4160479009151459,0.6666666666666666,0.001
11,12,0.07732772698690152,1.0,0.44150498509407043,0.6666666666666666,0.001
12,1,3.1739666646924514,0.3275862068965517,1.9505242109298706,0.5,0.001
12,2,0.8147294444256815,0.6379310344827587,0.8411389589309692,0.8333333333333334,0.001
12,3,0.47549858920533083,0.7931034482758621,0.5610144138336182,0.6666666666666666,0.001
12,4,0.3966018583561326,0.8275862068965517,0.6246539950370789,0.8333333333333334,0.001
12,5,0.2817264697996193,0.8620689655172413,0.5207556486129761,0.6666666666666666,0.001
12,6,0.12879298315865212,0.9827586206896551,0.5320227146148682,0.6666666666666666,0.001
12,7,0.09757936848648663,1.0,0.468428373336792,0.6666666666666666,0.001
12,8,0.08362440007000134,1.0,0.4483756124973297,0.6666666666666666,0.001
12,9,0.07579116112199323,1.0,0.4803629219532013,0.6666666666666666,0.001
12,10,0.0705048157351798,1.0,0.523349404335022,0.8333333333333334,0.001
12,11,0.06106221894251889,1.0,0.5151803493499756,0.6666666666666666,0.001
12,12,0.05395980089389045,1.0,0.49695903062820435,0.6666666666666666,0.001
12,13,0.048530682214889036,1.0,0.4938254654407501,0.6666666666666666,0.001
12,14,0.04570864089604082,1.0,0.5079468488693237,0.6666666666666666,0.001
13,1,1.9630534977748477,0.5689655172413793,2.7577998638153076,0.5,0.001
13,2,1.34280344278648,0.5517241379310345,2.238276481628418,0.5,0.001
13,3,1.4355043989831004,0.4827586206896552,0.49344491958618164,0.6666666666666666,0.001
13,4,0.6212013122336618,0.7586206896551724,0.7550172209739685,0.6666666666666666,0.001
13,5,0.31790381615403396,0.8793103448275862,0.6398069858551025,0.6666666666666666,0.001
13,6,0.1421608766701458,0.9482758620689655,0.4557679295539856,0.8333333333333334,0.001
13,7,0.1587396726526063,0.9482758620689655,0.44039613008499146,0.6666666666666666,0.001
13,8,0.10866616173358314,0.9655172413793104,0.4801035523414612,0.8333333333333334,0.001
13,9,0.07575527880469272,0.9827586206896551,0.46814942359924316,0.6666666666666666,0.001
13,10,0.07040984438860724,0.9827586206896551,0.4788612425327301,0.6666666666666666,0.001
13,11,0.05588597335435193,1.0,0.49642086029052734,0.6666666666666666,0.001
13,12,0.04927901636231048,1.0,0.5006375312805176,0.6666666666666666,0.001
13,13,0.04533089480587635,1.0,0.506525456905365,0.6666666666666666,0.001
14,1,2.6505277896749564,0.5172413793103449,2.7159297466278076,0.5,0.001
14,2,1.9210995410023064,0.46551724137931033,0.9444293975830078,0.6666666666666666,0.001
14,3,0.7264594394585182,0.7068965517241379,0.8512016534805298,0.6666666666666666,0.001
14,4,0.2161041445195161,0.896551724137931,0.9727874994277954,0.6666666666666666,0.001
14,5,0.20579864881161986,0.9137931034482759,0.5501265525817871,0.8333333333333334,0.001
14,6,0.1635797956380351,0.9482758620689655,0.4940437078475952,0.8333333333333334,0.001
14,7,0.13964913656999325,0.9310344827586207,0.5616772174835205,0.8333333333333334,0.001
14,8,0.13189977002811842,0.9310344827586207,0.7203273177146912,0.6666666666666666,0.001
14,9,0.0787295454085387,0.9827586206896551,0.7616254687309265,0.6666666666666666,0.001
14,10,0.0633885446646861,1.0,0.6677643060684204,0.8333333333333334,0.001
14,11,0.05756844652431278,1.0,0.6672734618186951,0.8333333333333334,0.001
14,12,0.05327947270767442,1.0,0.6935632824897766,0.8333333333333334,0.001
15,1,2.404469598983896,0.46551724137931033,2.885378122329712,0.3333333333333333,0.001
15,2,0.8609536154002979,0.603448275862069,2.5121490955352783,0.5,0.001
15,3,0.4451853093402139,0.7931034482758621,1.7927067279815674,0.5,0.001
15,4,0.2863315513742895,0.8275862068965517,0.8297504186630249,0.6666666666666666,0.001
15,5,0.19646008498966694,0.9137931034482759,0.654626190662384,0.6666666666666666,0.001
15,6,0.19985115145943289,0.896551724137931,1.3456552028656006,0.6666666666666666,0.001
15,7,0.07379669920894606,0.9827586206896551,1.3885401487350464,0.6666666666666666,0.001
15,8,0.05264188065033021,1.0,1.2455456256866455,0.6666666666666666,0.001
15,9,0.048820027278672004,1.0,1.3860834836959839,0.6666666666666666,0.001
15,10,0.04348028370917871,1.0,1.385907769203186,0.6666666666666666,0.001
15,11,0.038957263503609035,1.0,1.3765586614608765,0.6666666666666666,0.001
16,1,2.837906091377653,0.4827586206896552,2.346979856491089,0.6666666666666666,0.001
16,2,1.6012937770835285,0.5517241379310345,0.9065110087394714,0.8333333333333334,0.001
16,3,1.0148372907063057,0.5862068965517241,0.5651562809944153,0.8333333333333334,0.001
16,4,0.4974121867582716,0.7931034482758621,0.6173893809318542,0.8333333333333334,0.001
16,5,0.25173007488122273,0.896551724137931,0.7058916687965393,0.8333333333333334,0.001
16,6,0.17496478159365983,0.8793103448275862,0.5265171527862549,0.6666666666666666,0.001
16,7,0.12970954603676138,0.9482758620689655,0.524802029132843,0.6666666666666666,0.001
16,8,0.1067418522233593,0.9827586206896551,0.5266464352607727,0.6666666666666666,0.001
16,9,0.0767993205066385,0.9827586206896551,0.5307751893997192,0.6666666666666666,0.001
16,10,0.06829461359001439,1.0,0.5180994868278503,0.6666666666666666,0.001
16,11,0.06353237338621041,0.9827586206896551,0.5193288922309875,0.6666666666666666,0.001
16,12,0.05615240926372594,1.0,0.5289480686187744,0.6666666666666666,0.001
16,13,0.05094631742043742,1.0,0.528303325176239,0.6666666666666666,0.001
16,14,0.04652204698529737,1.0,0.5290879011154175,0.6666666666666666,0.001
16,15,0.04336000728453028,1.0,0.5360633730888367,0.6666666666666666,0.001
16,16,0.040901176888367224,1.0,0.5407263040542603,0.6666666666666666,0.001
17,1,3.240979879066862,0.4827586206896552,1.430190086364746,0.5,0.001
17,2,1.8038153751143093,0.5344827586206896,2.8407981395721436,0.5,0.001
17,3,1.5148215263054288,0.5517241379310345,0.8674531579017639,0.6666666666666666,0.001
17,4,0.6820177284294161,0.7413793103448276,0.6784892082214355,0.6666666666666666,0.001
17,5,0.24286888848090993,0.8793103448275862,0.5482801198959351,0.6666666666666666,0.001
17,6,0.15568062958532367,0.9310344827586207,0.6839552521705627,0.6666666666666666,0.001
17,7,0.17966835419165678,0.9310344827586207,0.46070560812950134,0.8333333333333334,0.001
17,8,0.12272029003963389,0.9482758620689655,0.4696980118751526,0.6666666666666666,0.001
17,9,0.09735165921778514,0.9827586206896551,0.5031363368034363,0.6666666666666666,0.001
17,10,0.09123475194491189,0.9827586206896551,0.4874507188796997,0.6666666666666666,0.001
17,11,0.0797165704184565,0.9827586206896551,0.4783317744731903,0.5,0.001
17,12,0.06983408254796061,1.0,0.4939482808113098,0.6666666666666666,0.001
17,13,0.06428391833243699,1.0,0.49297410249710083,0.5,0.001
18,1,1.012816107478635,0.5517241379310345,0.9453051686286926,0.6666666666666666,0.001
18,2,0.9058791928250214,0.6724137931034483,1.3574578762054443,0.6666666666666666,0.001
18,3,1.5913380554010128,0.5862068965517241,0.3121187388896942,0.8333333333333334,0.001
18,4,0.7701312076171924,0.7931034482758621,0.5953383445739746,0.6666666666666666,0.001
18,5,0.16220671889083138,0.9310344827586207,0.23745925724506378,0.8333333333333334,0.001
18,6,0.20532899439848704,0.8793103448275862,0.29571056365966797,0.8333333333333334,0.001
18,7,0.3475282606829343,0.8275862068965517,0.1890079379081726,0.8333333333333334,0.001
18,8,0.23002176378564587,0.8448275862068966,0.2632996439933777,1.0,0.001
18,9,0.08687189593911171,0.9655172413793104,0.34428954124450684,1.0,0.001
18,10,0.0680346783122112,0.9827586206896551,0.18465276062488556,1.0,0.001
18,11,0.052092766389250755,1.0,0.19913350045681,1.0,0.001
18,12,0.045835533982207036,1.0,0.22441020607948303,1.0,0.001
18,13,0.03993877473062482,1.0,0.19143466651439667,1.0,0.001
18,14,0.03794230141773306,1.0,0.19645564258098602,1.0,0.001
18,15,0.03590859681496333,1.0,0.19802117347717285,1.0,0.001
18,16,0.03404328419730581,1.0,0.19281785190105438,1.0,0.001
19,1,3.746861527706015,0.41379310344827586,2.2804174423217773,0.6666666666666666,0.001
19,2,2.9835505084744813,0.5,1.963144302368164,0.5,0.001
19,3,0.723636313116756,0.7068965517241379,0.4054868519306183,0.6666666666666666,0.001
19,4,0.28223103760131474,0.896551724137931,0.4853893220424652,0.6666666666666666,0.001
19,5,0.29314777563358174,0.8620689655172413,0.412426233291626,0.6666666666666666,0.001
19,6,0.18761231621791577,0.9137931034482759,0.348789244890213,0.8333333333333334,0.001
19,7,0.13418617472052574,0.9482758620689655,0.3196069002151489,1.0,0.001
19,8,0.10298421612844386,0.9655172413793104,0.3093917667865753,1.0,0.001
19,9,0.09128615562001179,0.9827586206896551,0.31709110736846924,0.8333333333333334,0.001
19,10,0.08034469386370018,0.9827586206896551,0.32049044966697693,1.0,0.001
19,11,0.06972720621731775,1.0,0.3278976380825043,1.0,0.001
19,12,0.06418939779416241,1.0,0.3351622521877289,0.8333333333333334,0.001
19,13,0.058408885776739694,1.0,0.34083354473114014,0.6666666666666666,0.001
19,14,0.053937212467707434,1.0,0.3459787666797638,0.6666666666666666,0.001
20,1,1.630333154365934,0.5344827586206896,0.6305591464042664,0.8333333333333334,0.001
20,2,0.4573412732831363,0.8103448275862069,0.4371832609176636,0.8333333333333334,0.001
20,3,0.605916451277404,0.7586206896551724,0.26598137617111206,0.8333333333333334,0.001
20,4,1.450847590791768,0.6379310344827587,2.2521140575408936,0.3333333333333333,0.001
20,5,1.155463858925063,0.6551724137931034,1.198474645614624,0.6666666666666666,0.001
20,6,0.48416780686840927,0.8103448275862069,0.17052660882472992,1.0,0.001
20,7,0.1703255711171519,0.9310344827586207,0.17986014485359192,0.8333333333333334,0.001
20,8,0.2064267487168826,0.9137931034482759,0.4606708288192749,0.8333333333333334,0.001
20,9,0.0992614799018564,0.9827586206896551,0.27658316493034363,0.8333333333333334,0.001
20,10,0.060549583526906266,0.9827586206896551,0.23813647031784058,0.8333333333333334,0.001
20,11,0.05546070487591727,1.0,0.36014217138290405,0.8333333333333334,0.001
20,12,0.04479417534031231,1.0,0.3099655210971832,0.8333333333333334,0.001
21,1,2.320509402916349,0.5344827586206896,3.1007814407348633,0.3333333333333333,0.001
21,2,1.994377382356545,0.4827586206896552,4.942052841186523,0.3333333333333333,0.001
21,3,2.180814640275363,0.43103448275862066,0.1782516986131668,1.0,0.001
21,4,0.5803558024866827,0.8103448275862069,0.04894868656992912,1.0,0.001
21,5,0.3385995032972303,0.8448275862068966,1.563862681388855,0.3333333333333333,0.001
21,6,0.5066814683377743,0.8103448275862069,0.19462962448596954,1.0,0.001
21,7,0.21857271690306992,0.8793103448275862,0.11037341505289078,1.0,0.001
21,8,0.14191816927030168,0.9482758620689655,0.32186633348464966,0.8333333333333334,0.001
21,9,0.1297209506918644,0.9655172413793104,0.2373845875263214,0.8333333333333334,0.001
21,10,0.10998806691375272,1.0,0.14473257958889008,1.0,0.001
22,1,2.0240480427084298,0.46551724137931033,0.5582685470581055,0.6666666666666666,0.001
22,2,2.0470860405214903,0.5344827586206896,1.2542724609375,0.6666666666666666,0.001
22,3,0.9734272848943184,0.6379310344827587,0.6587300896644592,0.6666666666666666,0.001
22,4,0.33369623111753627,0.8275862068965517,0.12465649098157883,1.0,0.001
22,5,0.19152905149706478,0.9137931034482759,0.1573149710893631,1.0,0.001
22,6,0.18379007768014383,0.9310344827586207,0.31236040592193604,0.8333333333333334,0.001
22,7,0.17822270416494074,0.9310344827586207,0.44064927101135254,0.6666666666666666,0.001
22,8,0.15738437504603944,0.9310344827586207,0.4579649865627289,0.8333333333333334,0.001
22,9,0.12767387643970293,0.9655172413793104,0.3502780497074127,0.8333333333333334,0.001
22,10,0.10093088537968438,0.9827586206896551,0.22954630851745605,0.8333333333333334,0.001
23,1,2.4577629668959258,0.46551724137931033,0.6759461164474487,0.8333333333333334,0.001
23,2,0.7247334595384269,0.6896551724137931,0.32577913999557495,0.8333333333333334,0.001
23,3,0.4396208576087294,0.8275862068965517,0.2303290069103241,0.8333333333333334,0.001
23,4,0.39239325258752394,0.8103448275862069,0.292559951543808,0.8333333333333334,0.001
23,5,0.2460717556291613,0.9137931034482759,0.4436814785003662,0.8333333333333334,0.001
23,6,0.23094916831830453,0.9137931034482759,0.6099679470062256,0.8333333333333334,0.001
23,7,0.42861106246709824,0.7758620689655172,0.43771225214004517,0.8333333333333334,0.001
23,8,0.5930525633538591,0.7586206896551724,0.19986778497695923,0.8333333333333334,0.001
23,9,0.5003691111402265,0.8275862068965517,0.3861176669597626,0.8333333333333334,0.001
23,10,0.1909740747048937,0.9137931034482759,0.22564443945884705,0.8333333333333334,0.001
23,11,0.15237334299961042,0.9310344827586207,0.2755914330482483,0.8333333333333334,0.001
23,12,0.05900024542392328,1.0,0.2598647475242615,0.8333333333333334,0.001
23,13,0.05473295518935754,0.9827586206896551,0.2691999077796936,0.6666666666666666,0.001
23,14,0.04722885328248657,1.0,0.2862585783004761,0.8333333333333334,0.001
24,1,2.0432239462589394,0.5517241379310345,1.0275236368179321,0.5,0.001
24,2,0.8178530910919453,0.6379310344827587,0.13677681982517242,1.0,0.001
24,3,0.6918779791429125,0.7068965517241379,0.5397536158561707,0.5,0.001
24,4,1.1785534065345238,0.5862068965517241,2.0209927558898926,0.5,0.001
24,5,1.3160531965951467,0.6551724137931034,0.03240659087896347,1.0,0.001
24,6,0.47395203673634034,0.8103448275862069,0.020602654665708542,1.0,0.001
24,7,0.19819887284317922,0.9137931034482759,0.1443227380514145,1.0,0.001
24,8,0.21206857675108418,0.896551724137931,0.08095239847898483,1.0,0.001
24,9,0.15590409468859434,0.9310344827586207,0.04116204380989075,1.0,0.001
24,10,0.08676756571592956,0.9827586206896551,0.09728971123695374,1.0,0.001
24,11,0.07365475055472605,1.0,0.13113851845264435,1.0,0.001
24,12,0.06822856778985467,1.0,0.09739792346954346,1.0,0.001
25,1,1.8678576422148738,0.5172413793103449,0.3076326251029968,1.0,0.001
25,2,0.4150867390221563,0.7758620689655172,0.25222960114479065,0.8333333333333334,0.001
25,3,0.2667361240962456,0.9137931034482759,0.16692276298999786,1.0,0.001
25,4,0.29249909571532545,0.9137931034482759,0.21907782554626465,0.8333333333333334,0.001
25,5,0.3047327886753041,0.8275862068965517,0.5611836910247803,0.6666666666666666,0.001
25,6,0.3180577189757906,0.8448275862068966,0.8633642196655273,0.6666666666666666,0.001
25,7,0.4673590272793482,0.7931034482758621,0.300772100687027,0.8333333333333334,0.001
25,8,0.258649301875768,0.8793103448275862,0.08387169241905212,1.0,0.001
25,9,0.0671438089218633,1.0,0.08960903435945511,1.0,0.001
25,10,0.07285997990904183,0.9655172413793104,0.22387218475341797,0.8333333333333334,0.001
25,11,0.04235996572493479,1.0,0.10938440263271332,1.0,0.001
25,12,0.03362978182347684,1.0,0.15865831077098846,0.8333333333333334,0.001
25,13,0.03291823657165314,1.0,0.13843534886837006,1.0,0.001
25,14,0.026463457286871713,1.0,0.14276665449142456,1.0,0.001
26,1,2.2265122399247925,0.5,1.343658447265625,0.3333333333333333,0.001
26,2,0.6707566925163927,0.6206896551724138,0.8004796504974365,0.6666666666666666,0.001
26,3,0.3204711241454914,0.8275862068965517,0.8794413208961487,0.6666666666666666,0.001
26,4,0.33720369168139736,0.8275862068965517,0.7597953081130981,0.6666666666666666,0.001
26,5,0.2980299744883488,0.8448275862068966,0.4509538412094116,0.8333333333333334,0.001
26,6,0.25688481738726643,0.9137931034482759,0.5217966437339783,0.5,0.001
26,7,0.23246257700796785,0.9137931034482759,0.5326992869377136,0.6666666666666666,0.001
26,8,0.16185822858121887,0.896551724137931,0.6451743245124817,0.8333333333333334,0.001
26,9,0.07532646963051681,1.0,0.756222128868103,0.8333333333333334,0.001
26,10,0.06261625153751209,1.0,0.651155412197113,0.8333333333333334,0.001
26,11,0.048729813208097016,1.0,0.623838484287262,0.8333333333333334,0.001
27,1,2.4392180216723474,0.43103448275862066,0.21401962637901306,1.0,0.001
27,2,0.9730709965886741,0.6206896551724138,0.1093066856265068,1.0,0.001
27,3,0.4457563539517337,0.7758620689655172,0.23493123054504395,0.8333333333333334,0.001
27,4,0.23297390701441928,0.8793103448275862,0.2852290868759155,0.8333333333333334,0.001
27,5,0.18798171671043182,0.9137931034482759,0.17392967641353607,0.8333333333333334,0.001
27,6,0.16278366840861994,0.9482758620689655,0.10218335688114166,1.0,0.001
27,7,0.1510523453611752,0.9482758620689655,0.08801198750734329,1.0,0.001
27,8,0.13389790816039876,0.9482758620689655,0.08157243579626083,1.0,0.001
27,9,0.10686150353787274,0.9655172413793104,0.1315242499113083,0.8333333333333334,0.001
27,10,0.10200162206230493,1.0,0.21842364966869354,0.8333333333333334,0.001
27,11,0.10802962284149795,1.0,0.2919411063194275,0.8333333333333334,0.001
27,12,0.09659069342988319,0.9655172413793104,0.2640552520751953,0.8333333333333334,0.001
27,13,0.07305595225750885,1.0,0.07107138633728027,1.0,0.001
27,14,0.0551049058678849,0.9827586206896551,0.04779902473092079,1.0,0.001
27,15,0.052604691671400236,0.9827586206896551,0.07896139472723007,1.0,0.001
27,16,0.04125121968059704,1.0,0.10449116677045822,1.0,0.001
27,17,0.03744625123538848,1.0,0.08420837670564651,1.0,0.001
27,18,0.034810366654961275,1.0,0.0886903628706932,1.0,0.001
27,19,0.03342026664779104,1.0,0.08980021625757217,1.0,0.001
27,20,0.03136791160394405,1.0,0.08671701699495316,1.0,0.001
28,1,1.9457691537922825,0.5344827586206896,0.8407812714576721,0.6666666666666666,0.001
28,2,0.5839171676800169,0.7413793103448276,0.37442463636398315,0.8333333333333334,0.001
28,3,0.2902677336643482,0.9310344827586207,0.35137632489204407,0.8333333333333334,0.001
28,4,0.23713976632932138,0.8793103448275862,0.31206417083740234,0.8333333333333334,0.001
28,5,0.2562184896448563,0.8793103448275862,0.27364587783813477,0.8333333333333334,0.001
28,6,0.24820443152867513,0.9137931034482759,0.3244417905807495,0.8333333333333334,0.001
28,7,0.2292293600481132,0.9310344827586207,0.8089545965194702,0.6666666666666666,0.001
28,8,0.22695833264753737,0.9137931034482759,1.745554804801941,0.3333333333333333,0.001
28,9,0.20752768668121305,0.8793103448275862,2.213879108428955,0.3333333333333333,0.001
28,10,0.21703328693221355,0.896551724137931,1.2708145380020142,0.6666666666666666,0.001
28,11,0.4567812375467399,0.8620689655172413,0.24462808668613434,0.8333333333333334,0.001
28,12,0.49366509198243247,0.8275862068965517,0.146053746342659,1.0,0.001
28,13,0.21680785118248955,0.9137931034482759,0.5448883771896362,0.8333333333333334,0.001
28,14,0.049448185953600655,0.9827586206896551,0.7543551921844482,0.8333333333333334,0.001
28,15,0.03337911784584666,1.0,0.9514545798301697,0.5,0.001
28,16,0.025503632644640988,1.0,0.5114969611167908,0.8333333333333334,0.001
28,17,0.03502189830459397,1.0,1.0908564329147339,0.5,0.001
28,18,0.026944448657590766,1.0,0.4510921239852905,0.8333333333333334,0.001
29,1,1.7750957443796356,0.4482758620689655,1.400740385055542,0.3333333333333333,0.001
29,2,0.5896490319021817,0.7068965517241379,1.6667481660842896,0.3333333333333333,0.001
29,3,0.5656719957960064,0.6896551724137931,1.1950066089630127,0.6666666666666666,0.001
29,4,0.5971347431427446,0.7413793103448276,0.5719506144523621,0.6666666666666666,0.001
29,5,0.2945753953837115,0.8448275862068966,0.8907844424247742,0.6666666666666666,0.001
29,6,0.5626918138486559,0.7586206896551724,0.6515635251998901,0.6666666666666666,0.001
29,7,0.22149848051626106,0.8620689655172413,0.7411323189735413,0.8333333333333334,0.001
29,8,0.08771561799121314,0.9827586206896551,0.6702362895011902,0.6666666666666666,0.001
29,9,0.07831443859071567,0.9827586206896551,0.6685978174209595,0.6666666666666666,0.001
29,10,0.06929529496821864,1.0,0.6913411021232605,0.6666666666666666,0.001
30,1,2.600860011667527,0.5172413793103449,2.692650079727173,0.3333333333333333,0.001
30,2,1.5012143295386742,0.5172413793103449,0.4359535276889801,0.8333333333333334,0.001
30,3,1.0394816064067056,0.6551724137931034,0.7686806321144104,0.8333333333333334,0.001
30,4,0.7544787237179819,0.7931034482758621,0.4714052677154541,0.8333333333333334,0.001
30,5,0.23119317810854007,0.9137931034482759,0.3710921108722687,0.6666666666666666,0.001
30,6,0.2208571550275745,0.896551724137931,0.280277818441391,0.8333333333333334,0.001
30,7,0.22179054555579505,0.896551724137931,0.32690882682800293,0.8333333333333334,0.001
30,8,0.11986623993464585,0.9310344827586207,0.34589025378227234,0.8333333333333334,0.001
30,9,0.08305236909153133,1.0,0.3163841962814331,0.8333333333333334,0.001
30,10,0.07280668352955375,1.0,0.3262372314929962,0.8333333333333334,0.001
30,11,0.06454537706128483,1.0,0.338204950094223,0.8333333333333334,0.001
30,12,0.05711017850914906,1.0,0.323812872171402,0.8333333333333334,0.001
31,1,2.093850989793909,0.4827586206896552,1.138718605041504,0.5,0.001
31,2,0.45633270000589304,0.7931034482758621,0.4756443500518799,0.6666666666666666,0.001
31,3,0.4130968754661494,0.8620689655172413,0.23659303784370422,0.8333333333333334,0.001
31,4,0.7073836771385937,0.7068965517241379,0.10643822699785233,1.0,0.001
31,5,0.4533857200937024,0.7758620689655172,0.33375439047813416,0.6666666666666666,0.001
31,6,0.5452202186309572,0.7931034482758621,0.16619250178337097,1.0,0.001
31,7,0.3168771432648445,0.9137931034482759,0.3274467885494232,0.8333333333333334,0.001
31,8,0.05800746834098265,0.9827586206896551,0.06806066632270813,1.0,0.001
31,9,0.06994338410681691,0.9827586206896551,0.08221881091594696,1.0,0.001
31,10,0.0475718016768324,0.9827586206896551,0.17091241478919983,1.0,0.001
31,11,0.036767124182319845,1.0,0.10689499974250793,1.0,0.001
31,12,0.034445573415221836,1.0,0.15938980877399445,1.0,0.001
31,13,0.028979820102967065,1.0,0.13152338564395905,1.0,0.001
31,14,0.028493135027458955,1.0,0.14568619430065155,1.0,0.001
32,1,2.4293663753517745,0.5,3.2191288471221924,0.0,0.001
32,2,0.8183668153039341,0.7068965517241379,1.574855089187622,0.16666666666666666,0.001
32,3,0.3662669350361002,0.8103448275862069,0.9650277495384216,0.3333333333333333,0.001
32,4,0.4290071727451065,0.8103448275862069,0.2575661838054657,0.8333333333333334,0.001
32,5,0.32256505628726606,0.896551724137931,0.08200089633464813,1.0,0.001
32,6,0.17789304246804838,0.9137931034482759,0.10985175520181656,1.0,0.001
32,7,0.1336067627858499,0.9310344827586207,0.16426852345466614,1.0,0.001
32,8,0.12172093525015075,0.9655172413793104,0.31186044216156006,0.8333333333333334,0.001
32,9,0.11319843204370861,0.9655172413793104,0.5363898277282715,0.8333333333333334,0.001
32,10,0.09726866861355715,0.9827586206896551,0.6300076246261597,0.6666666666666666,0.001
32,11,0.09590750027062564,0.9655172413793104,0.4378373622894287,0.8333333333333334,0.001
33,1,1.7852225170053284,0.6379310344827587,0.9202883839607239,0.5,0.001
33,2,0.4683085739098746,0.7758620689655172,0.2590234875679016,1.0,0.001
33,3,0.895339579546246,0.7068965517241379,1.757989525794983,0.5,0.001
33,4,2.1066887425579903,0.5689655172413793,1.218848466873169,0.6666666666666666,0.001
33,5,0.8622326450101261,0.7241379310344828,0.12395517528057098,1.0,0.001
33,6,0.1629221356746837,0.9310344827586207,0.13554394245147705,1.0,0.001
33,7,0.21720624389126897,0.9310344827586207,0.1656983345746994,1.0,0.001
33,8,0.18041977767254516,0.9482758620689655,0.07405805587768555,1.0,0.001
33,9,0.10157177490503366,0.9827586206896551,0.07767725735902786,1.0,0.001
33,10,0.08107103619339137,0.9827586206896551,0.07115058600902557,1.0,0.001
33,11,0.07415763509524023,0.9827586206896551,0.07550967484712601,1.0,0.001
33,12,0.05564597301217246,1.0,0.07593119144439697,1.0,0.001
33,13,0.04795792669957054,1.0,0.07189924269914627,1.0,0.001
33,14,0.04437058599633646,1.0,0.07097309082746506,1.0,0.001
33,15,0.03987121026449163,1.0,0.07147621363401413,1.0,0.001
33,16,0.036587859953528847,1.0,0.06871069967746735,1.0,0.001
33,17,0.03536706538228639,1.0,0.06972665339708328,1.0,0.001
33,18,0.032180035197786214,1.0,0.06978684663772583,1.0,0.001
33,19,0.029924489597886288,1.0,0.06694647669792175,1.0,0.001
33,20,0.027995884217771477,1.0,0.0664726123213768,1.0,0.001
33,21,0.027238066805976218,1.0,0.06602167338132858,1.0,0.001
33,22,0.025969115720162618,1.0,0.06533719599246979,1.0,0.001
33,23,0.02512432540895353,1.0,0.06357326358556747,1.0,0.001
33,24,0.024151859210868334,1.0,0.06433334201574326,1.0,0.001
33,25,0.022789002155307037,1.0,0.06403312087059021,1.0,0.001
33,26,0.0221194377618617,1.0,0.06364928185939789,1.0,0.001
33,27,0.021293935237516617,1.0,0.06194908544421196,1.0,0.001
33,28,0.020788843221641307,1.0,0.06276962906122208,1.0,0.001
33,29,0.02001374545667706,1.0,0.0611080676317215,1.0,0.001
33,30,0.0192531388220859,1.0,0.061548251658678055,1.0,0.001
34,1,1.8786010224500607,0.5689655172413793,0.7030693292617798,0.5,0.001
34,2,0.46867653239389945,0.7931034482758621,0.7322772741317749,0.5,0.001
34,3,0.2312896953060709,0.9137931034482759,1.0341514348983765,0.5,0.001
34,4,0.28594334474925337,0.896551724137931,1.1355046033859253,0.5,0.001
34,5,0.39241050504918756,0.7931034482758621,0.8262748122215271,0.5,0.001
34,6,0.41329002149146177,0.8103448275862069,0.7635883092880249,0.8333333333333334,0.001
34,7,0.3554170946108884,0.8448275862068966,1.0357524156570435,0.8333333333333334,0.001
35,1,1.866525645913749,0.5862068965517241,2.889955520629883,0.16666666666666666,0.001
35,2,1.3667835341445331,0.6206896551724138,4.773298740386963,0.16666666666666666,0.001
35,3,1.829637384620206,0.4827586206896552,0.504888653755188,0.6666666666666666,0.001
35,4,1.0338358551520725,0.6551724137931034,0.028664149343967438,1.0,0.001
35,5,0.21669200088443427,0.896551724137931,0.069988913834095,1.0,0.001
35,6,0.1804156402318642,0.9137931034482759,0.036062464118003845,1.0,0.001
35,7,0.15467704517831063,0.9310344827586207,0.015072423033416271,1.0,0.001
35,8,0.1003923683973222,0.9655172413793104,0.017277196049690247,1.0,0.001
35,9,0.08562959974695897,0.9827586206896551,0.017926158383488655,1.0,0.001
35,10,0.07311124984046509,0.9827586206896551,0.01642736792564392,1.0,0.001
35,11,0.0648833190187298,0.9827586206896551,0.017303036525845528,1.0,0.001
35,12,0.05925960164388706,1.0,0.019435839727520943,1.0,0.001
35,13,0.05373349329777833,1.0,0.019076939672231674,1.0,0.001
36,1,2.472282144530066,0.46551724137931033,0.2739852964878082,0.8333333333333334,0.001
36,2,0.5533899993732058,0.7413793103448276,0.24978607892990112,0.8333333333333334,0.001
36,3,0.2725062473066922,0.896551724137931,0.1614009588956833,1.0,0.001
36,4,0.22554550191451764,0.9310344827586207,0.16022083163261414,1.0,0.001
36,5,0.20632630843540717,0.9137931034482759,0.3379780650138855,0.8333333333333334,0.001
36,6,0.1915974501391937,0.9137931034482759,0.635400116443634,0.8333333333333334,0.001
36,7,0.20145270562377468,0.8793103448275862,1.0545331239700317,0.5,0.001
36,8,0.19200393865848409,0.9137931034482759,1.5066760778427124,0.5,0.001
36,9,0.15613572993155184,0.9137931034482759,0.8928230404853821,0.6666666666666666,0.001
36,10,0.17568252967863246,0.9310344827586207,0.15125229954719543,0.8333333333333334,0.001
36,11,0.21808704117248798,0.8793103448275862,0.040355511009693146,1.0,0.001
36,12,0.2418540409798252,0.9137931034482759,0.0701243206858635,1.0,0.001
36,13,0.11945649400224974,0.9482758620689655,0.8900842070579529,0.6666666666666666,0.001
36,14,0.03927437209620558,1.0,0.45081835985183716,0.8333333333333334,0.001
36,15,0.029929675868359106,1.0,0.4197222888469696,0.8333333333333334,0.001
36,16,0.023031939623941636,1.0,0.5584375858306885,0.8333333333333334,0.001
36,17,0.022409220129765314,1.0,0.42303141951560974,0.8333333333333334,0.001
37,1,1.8603186977320705,0.5862068965517241,1.2677208185195923,0.5,0.001
37,2,0.6207819126289467,0.7068965517241379,0.9066093564033508,0.5,0.001
37,3,0.36394514593070953,0.8103448275862069,1.4210789203643799,0.6666666666666666,0.001
37,4,0.9552151748974775,0.7068965517241379,0.7877559661865234,0.6666666666666666,0.001
37,5,0.8130738136583361,0.7413793103448276,0.9439522624015808,0.6666666666666666,0.001
37,6,0.2789803517275843,0.8793103448275862,0.7176663279533386,0.6666666666666666,0.001
37,7,0.16585162648096166,0.9482758620689655,0.7655642032623291,0.6666666666666666,0.001
37,8,0.09264952178787568,0.9655172413793104,0.7881690263748169,0.6666666666666666,0.001
37,9,0.07904180213166721,0.9827586206896551,0.7994828820228577,0.6666666666666666,0.001
37,10,0.07170275444614477,0.9827586206896551,0.848251461982727,0.6666666666666666,0.001
37,11,0.056524371776472904,0.9827586206896551,0.8849854469299316,0.6666666666666666,0.001
37,12,0.04729444562489617,1.0,0.9000000953674316,0.6666666666666666,0.001
38,1,1.5216590464115143,0.5689655172413793,1.1208583116531372,0.3333333333333333,0.001
38,2,0.5693920616959703,0.7931034482758621,0.5691742300987244,0.5,0.001
38,3,0.34689964174196636,0.8448275862068966,0.19581560790538788,1.0,0.001
38,4,0.2856728510353072,0.8448275862068966,0.089697927236557,1.0,0.001
38,5,0.27390461440744074,0.8275862068965517,0.10657956451177597,1.0,0.001
38,6,0.2936972148459533,0.8448275862068966,0.23848387598991394,1.0,0.001
38,7,0.6009551682348909,0.7241379310344828,1.521148681640625,0.3333333333333333,0.001
38,8,0.8517821359223333,0.6896551724137931,3.9985122680664062,0.3333333333333333,0.001
38,9,1.0126117363829037,0.7241379310344828,2.3059425354003906,0.3333333333333333,0.001
38,10,0.4985850003863091,0.8448275862068966,0.01712389476597309,1.0,0.001
38,11,0.24209889918886895,0.8793103448275862,1.7398161888122559,0.3333333333333333,0.001
38,12,0.1811028445011069,0.9137931034482759,0.5986735820770264,0.6666666666666666,0.001
38,13,0.06344589062741604,0.9827586206896551,0.13077180087566376,1.0,0.001
38,14,0.05291567211729828,1.0,1.044004201889038,0.5,0.001
38,15,0.056196928538125135,0.9827586206896551,0.16932213306427002,1.0,0.001
38,16,0.033121203951505494,1.0,0.6475564241409302,0.6666666666666666,0.001
39,1,2.9762092623217353,0.41379310344827586,1.4645785093307495,0.3333333333333333,0.001
39,2,1.3834796116269867,0.5344827586206896,0.6958587169647217,0.6666666666666666,0.001
39,3,0.5963718500630609,0.7586206896551724,1.1784638166427612,0.6666666666666666,0.001
39,4,0.4931014548858692,0.7758620689655172,0.5541056394577026,0.5,0.001
39,5,0.3278831274666149,0.8620689655172413,0.6157578825950623,0.8333333333333334,0.001
39,6,0.13001874371849256,0.9827586206896551,0.6007845997810364,0.6666666666666666,0.001
39,7,0.12951646655284124,0.9482758620689655,0.5595205426216125,0.6666666666666666,0.001
39,8,0.12327221498407166,0.9655172413793104,0.5455192923545837,0.8333333333333334,0.001
39,9,0.08999231592591467,0.9827586206896551,0.5396889448165894,0.8333333333333334,0.001
39,10,0.0753928306030816,1.0,0.536123514175415,0.6666666666666666,0.001
39,11,0.0697236501708113,1.0,0.5291721820831299,0.6666666666666666,0.001
39,12,0.06366675013098223,1.0,0.5264859199523926,0.8333333333333334,0.001
39,13,0.05665659018117806,1.0,0.5259882211685181,0.6666666666666666,0.001
39,14,0.05236260535131241,1.0,0.5257577896118164,0.8333333333333334,0.001
39,15,0.04844233946039759,1.0,0.5264204144477844,0.8333333333333334,0.001
39,16,0.045591315768402196,1.0,0.527789294719696,0.8333333333333334,0.001
39,17,0.04180746576909361,1.0,0.5292722582817078,0.8333333333333334,0.001
39,18,0.039702941567219534,1.0,0.5312209725379944,0.8333333333333334,0.001
39,19,0.0373316952509099,1.0,0.5344509482383728,0.8333333333333334,0.001
39,20,0.03554107695175656,1.0,0.536375105381012,0.8333333333333334,0.001
40,1,2.009839210016974,0.5517241379310345,1.9043729305267334,0.6666666666666666,0.001
40,2,1.339210840134785,0.603448275862069,1.1177390813827515,0.6666666666666666,0.001
40,3,2.2111919645605416,0.5172413793103449,2.992482900619507,0.3333333333333333,0.001
40,4,1.000463342358326,0.6896551724137931,0.17924785614013672,1.0,0.001
40,5,0.2944792642033306,0.8620689655172413,0.15544858574867249,1.0,0.001
40,6,0.6111570001933081,0.8275862068965517,0.903476893901825,0.6666666666666666,0.001
40,7,0.2920860130468319,0.8793103448275862,0.22738637030124664,0.8333333333333334,0.001
40,8,0.11544245430107775,0.9655172413793104,0.17676565051078796,0.8333333333333334,0.001
40,9,0.14426790139284626,0.9482758620689655,0.27762746810913086,0.8333333333333334,0.001
40,10,0.09865714872962442,0.9827586206896551,0.2598504424095154,0.8333333333333334,0.001
40,11,0.06690999184703005,0.9827586206896551,0.21497823297977448,0.8333333333333334,0.001
41,1,2.150639630597213,0.5172413793103449,1.128933310508728,0.6666666666666666,0.001
41,2,1.0524451074929073,0.5517241379310345,0.9899003505706787,0.6666666666666666,0.001
41,3,0.6030629898967415,0.7241379310344828,0.5624206066131592,0.8333333333333334,0.001
41,4,0.36316839194503325,0.8793103448275862,0.5941281914710999,0.8333333333333334,0.001
41,5,0.2802115996079198,0.8275862068965517,0.8985075354576111,0.6666666666666666,0.001
41,6,0.3441505414144746,0.8103448275862069,0.5377728939056396,0.8333333333333334,0.001
41,7,0.2901849325360923,0.8620689655172413,0.328256219625473,0.8333333333333334,0.001
41,8,0.1817905288831941,0.9137931034482759,0.6673762798309326,0.8333333333333334,0.001
41,9,0.28018454757743866,0.8793103448275862,0.7235755324363708,0.8333333333333334,0.001
41,10,0.28314826149364997,0.8620689655172413,0.4668964147567749,0.8333333333333334,0.001
41,11,0.14887329409348554,0.9482758620689655,0.2727518081665039,0.8333333333333334,0.001
41,12,0.059636835458463634,1.0,0.29846885800361633,0.8333333333333334,0.001
41,13,0.059329903074379624,1.0,0.27944761514663696,0.8333333333333334,0.001
41,14,0.04455741783925172,1.0,0.2935764491558075,0.8333333333333334,0.001
41,15,0.03984993169533795,1.0,0.2577543258666992,0.8333333333333334,0.001
41,16,0.03555893152952194,1.0,0.26250165700912476,0.8333333333333334,0.001
41,17,0.03441065138783948,1.0,0.2674954831600189,0.8333333333333334,0.001
41,18,0.03280576588264827,1.0,0.26072239875793457,0.8333333333333334,0.001
41,19,0.031465825271503677,1.0,0.26261311769485474,0.8333333333333334,0.001
41,20,0.029797530058642913,1.0,0.2621711790561676,0.8333333333333334,0.001
41,21,0.02895722390505774,1.0,0.2603689134120941,0.8333333333333334,0.001
42,1,1.5090103077477421,0.5517241379310345,0.4959529936313629,0.8333333333333334,0.001
42,2,0.4098932059674427,0.7758620689655172,0.7641744613647461,0.6666666666666666,0.001
42,3,0.7008853580417305,0.6724137931034483,0.5815954804420471,0.8333333333333334,0.001
42,4,0.8330461765671598,0.7413793103448276,0.7591383457183838,0.8333333333333334,0.001
42,5,0.3893720170418764,0.8103448275862069,0.5934656262397766,0.8333333333333334,0.001
42,6,0.20065185684582282,0.9137931034482759,0.539597749710083,0.6666666666666666,0.001
42,7,0.10802553561997824,0.9655172413793104,0.48716068267822266,0.6666666666666666,0.001
42,8,0.11168687636482305,0.9655172413793104,0.457327276468277,0.8333333333333334,0.001
42,9,0.09284134022891521,0.9827586206896551,0.4307793080806732,0.6666666666666666,0.001
42,10,0.06972036966732864,0.9827586206896551,0.41551780700683594,0.6666666666666666,0.001
42,11,0.05880176166779008,0.9827586206896551,0.4047657549381256,0.6666666666666666,0.001
42,12,0.05350276153406192,1.0,0.39821839332580566,0.6666666666666666,0.001
42,13,0.04669749788169203,1.0,0.3990984261035919,0.6666666666666666,0.001
42,14,0.04142637820593242,1.0,0.40036213397979736,0.6666666666666666,0.001
42,15,0.03895144909620285,1.0,0.39911168813705444,0.6666666666666666,0.001
42,16,0.036141104739287805,1.0,0.40134772658348083,0.6666666666666666,0.001
42,17,0.03351564930173857,1.0,0.4021787941455841,0.6666666666666666,0.001
42,18,0.03142539761832048,1.0,0.4020395874977112,0.6666666666666666,0.001
43,1,1.201522726437141,0.5689655172413793,1.9361803531646729,0.3333333333333333,0.001
43,2,0.6020513577707882,0.7241379310344828,1.2023124694824219,0.5,0.001
43,3,0.2687643838339838,0.8793103448275862,1.6825592517852783,0.5,0.001
43,4,0.4520586633990551,0.7758620689655172,1.1118170022964478,0.6666666666666666,0.001
43,5,0.5413471999224918,0.7931034482758621,0.35892170667648315,0.8333333333333334,0.001
43,6,0.3988362679836051,0.8620689655172413,0.37045222520828247,0.6666666666666666,0.001
43,7,0.17351137531985497,0.896551724137931,0.7385935187339783,0.8333333333333334,0.001
43,8,0.08042539074888518,0.9482758620689655,1.2084745168685913,0.6666666666666666,0.001
43,9,0.07547812256962061,0.9655172413793104,0.7964650392532349,0.6666666666666666,0.001
43,10,0.04912134398031851,1.0,0.9206523895263672,0.6666666666666666,0.001
43,11,0.040176838106507885,1.0,1.0360205173492432,0.6666666666666666,0.001
44,1,2.4421910273617713,0.3793103448275862,2.847370147705078,0.3333333333333333,0.001
44,2,0.8877112271970716,0.6724137931034483,3.813843011856079,0.3333333333333333,0.001
44,3,0.811026301877252,0.6724137931034483,1.5693566799163818,0.3333333333333333,0.001
44,4,0.354592169924029,0.8275862068965517,0.5573760271072388,0.6666666666666666,0.001
44,5,0.19085327991894607,0.9310344827586207,1.4263108968734741,0.3333333333333333,0.001
44,6,0.13663209380646205,0.9482758620689655,1.5191290378570557,0.3333333333333333,0.001
44,7,0.14045568272985262,0.9482758620689655,1.248497724533081,0.5,0.001
44,8,0.10601491211303349,0.9655172413793104,1.143967628479004,0.5,0.001
44,9,0.07599802270274737,1.0,1.1367253065109253,0.5,0.001
44,10,0.06498923284354909,1.0,1.169348955154419,0.5,0.001
45,1,1.3660450988802417,0.5517241379310345,1.2315804958343506,0.5,0.001
45,2,0.6109351931974806,0.7413793103448276,0.7309746146202087,0.5,0.001
45,3,0.2825689582989134,0.8275862068965517,0.46668577194213867,0.6666666666666666,0.001
45,4,0.35227181402773694,0.8448275862068966,0.3050553798675537,0.6666666666666666,0.001
45,5,0.5705607010629671,0.7413793103448276,0.24371080100536346,0.8333333333333334,0.001
45,6,0.6787068867606336,0.7241379310344828,0.8815786838531494,0.6666666666666666,0.001
45,7,0.3582473311749897,0.8448275862068966,0.5694105625152588,0.8333333333333334,0.001
45,8,0.2739557456225157,0.8793103448275862,0.25640106201171875,0.8333333333333334,0.001
45,9,0.11009512673100007,0.9482758620689655,0.2748725712299347,0.8333333333333334,0.001
45,10,0.09169515912774308,0.9482758620689655,0.18465976417064667,0.8333333333333334,0.001
45,11,0.05795959807964492,0.9827586206896551,0.15470390021800995,1.0,0.001
45,12,0.04452107413190192,1.0,0.12894050776958466,1.0,0.001
45,13,0.0423699874944728,1.0,0.1396981179714203,1.0,0.001
45,14,0.036418565548956394,1.0,0.12714098393917084,1.0,0.001
45,15,0.03289320651473927,1.0,0.12168002873659134,1.0,0.001
45,16,0.030923558383023943,1.0,0.12339441478252411,1.0,0.001
45,17,0.02880314843536451,1.0,0.1187492087483406,1.0,0.001
45,18,0.02789567351533935,1.0,0.12104670703411102,1.0,0.001
45,19,0.02630670281962074,1.0,0.11842836439609528,1.0,0.001
45,20,0.024664656323348653,1.0,0.11921990662813187,1.0,0.001
45,21,0.02385152393052804,1.0,0.11697454750537872,1.0,0.001
45,22,0.022832309698750233,1.0,0.11686462163925171,1.0,0.001
45,23,0.021910518632623655,1.0,0.11726498603820801,1.0,0.001
45,24,0.02139558521067274,1.0,0.11627043038606644,1.0,0.001
45,25,0.020559328383412855,1.0,0.11763876676559448,1.0,0.001
45,26,0.019887747355447762,1.0,0.1152709573507309,1.0,0.001
45,27,0.019420177161950488,1.0,0.11708645522594452,1.0,0.001
45,28,0.01866198657080531,1.0,0.11449432373046875,1.0,0.001
45,29,0.018435583546243865,1.0,0.11726044118404388,1.0,0.001
45,30,0.01746236601972888,1.0,0.11477889865636826,1.0,0.001
46,1,1.2356759641191055,0.6206896551724138,0.48949411511421204,0.6666666666666666,0.001
46,2,0.5598353311933321,0.6896551724137931,0.8323006629943848,0.6666666666666666,0.001
46,3,0.8396590308382593,0.6896551724137931,0.43768778443336487,0.8333333333333334,0.001
46,4,0.9925568726812971,0.6206896551724138,0.5987151265144348,0.8333333333333334,0.001
46,5,0.8529180054199593,0.7241379310344828,0.2693522274494171,0.8333333333333334,0.001
46,6,0.5006222212285703,0.7931034482758621,0.5284345149993896,0.8333333333333334,0.001
46,7,0.1260964091995667,0.9655172413793104,0.39076918363571167,0.8333333333333334,0.001
46,8,0.12635921336838912,0.9310344827586207,0.36040064692497253,0.8333333333333334,0.001
46,9,0.12182883192496054,0.9655172413793104,0.4531064033508301,0.8333333333333334,0.001
46,10,0.07956734556576302,0.9655172413793104,0.4588417410850525,0.8333333333333334,0.001
46,11,0.06757130897764502,0.9827586206896551,0.4443770945072174,0.8333333333333334,0.001
47,1,1.9943692437533675,0.5,2.0422580242156982,0.3333333333333333,0.001
47,2,0.5005799531936646,0.7586206896551724,1.7097948789596558,0.3333333333333333,0.001
47,3,0.6059608641883423,0.7758620689655172,0.9047275185585022,0.6666666666666666,0.001
47,4,0.7778189271560003,0.7413793103448276,0.736322283744812,0.8333333333333334,0.001
47,5,0.6000072138127068,0.7586206896551724,0.9054696559906006,0.8333333333333334,0.001
47,6,0.42460345708090685,0.8448275862068966,0.8715808391571045,0.6666666666666666,0.001
47,7,0.1472782746663895,0.9482758620689655,1.0206820964813232,0.6666666666666666,0.001
47,8,0.10065401043614437,0.9827586206896551,0.9049692749977112,0.6666666666666666,0.001
47,9,0.09129010696477931,0.9655172413793104,0.8635973334312439,0.6666666666666666,0.001
47,10,0.08477077739120557,0.9655172413793104,0.8968767523765564,0.6666666666666666,0.001
48,1,1.9493445527964626,0.41379310344827586,1.2311190366744995,0.5,0.001
48,2,0.7911899593369714,0.6724137931034483,0.9083182215690613,0.5,0.001
48,3,0.5607238627713302,0.7758620689655172,0.4801633358001709,0.6666666666666666,0.001
48,4,0.3866892383787139,0.8448275862068966,0.3680054545402527,0.8333333333333334,0.001
48,5,0.2403174122024713,0.8793103448275862,0.39000755548477173,0.8333333333333334,0.001
48,6,0.184099271877444,0.9137931034482759,0.435762494802475,0.8333333333333334,0.001
48,7,0.1803414354197167,0.9137931034482759,0.47990813851356506,0.6666666666666666,0.001
48,8,0.0951662954777993,0.9827586206896551,0.9026902914047241,0.6666666666666666,0.001
48,9,0.10597040523485891,0.9655172413793104,0.8866958618164062,0.6666666666666666,0.001
48,10,0.12290969914917288,0.9482758620689655,0.6372159123420715,0.5,0.001
49,1,3.117597300430824,0.43103448275862066,0.25739786028862,0.8333333333333334,0.001
49,2,1.636524929825602,0.5517241379310345,0.3478383719921112,0.8333333333333334,0.001
49,3,1.4214763476930816,0.5344827586206896,0.5350489020347595,0.8333333333333334,0.001
49,4,0.5044648596888472,0.7758620689655172,0.5550574660301208,0.8333333333333334,0.001
49,5,0.16983278837568802,0.9137931034482759,0.20299096405506134,0.8333333333333334,0.001
49,6,0.23410762422557535,0.896551724137931,0.18811921775341034,0.8333333333333334,0.001
49,7,0.17986667525537056,0.9137931034482759,0.19216623902320862,0.8333333333333334,0.001
49,8,0.10595257104984646,0.9827586206896551,0.1479034721851349,0.8333333333333334,0.001
49,9,0.08546682835781369,0.9827586206896551,0.12514443695545197,0.8333333333333334,0.001
49,10,0.07649471023087871,1.0,0.1240188404917717,0.8333333333333334,0.001
49,11,0.06520813510849557,1.0,0.12408958375453949,0.8333333333333334,0.001
49,12,0.05769059736410092,1.0,0.11741483211517334,1.0,0.001
49,13,0.053590618009711134,1.0,0.11966947466135025,1.0,0.001
49,14,0.04858753187903043,1.0,0.1203068196773529,1.0,0.001
49,15,0.04466246553407661,1.0,0.121584452688694,1.0,0.001
49,16,0.041602672270402825,1.0,0.12004947662353516,1.0,0.001
49,17,0.039870306142959104,1.0,0.11980100721120834,1.0,0.001
49,18,0.03671015657741448,1.0,0.12198194116353989,0.8333333333333334,0.001
50,1,1.4968071312739932,0.5689655172413793,0.8124719262123108,0.6666666666666666,0.001
50,2,0.669883306170332,0.7068965517241379,0.8947571516036987,0.6666666666666666,0.001
50,3,0.42046996745569953,0.7241379310344828,0.9857634902000427,0.6666666666666666,0.001
50,4,0.6929743372160813,0.7241379310344828,0.6390219926834106,0.8333333333333334,0.001
50,5,0.832849748304178,0.6724137931034483,1.0820977687835693,0.16666666666666666,0.001
50,6,0.3420861229814332,0.8620689655172413,1.2692797183990479,0.16666666666666666,0.001
50,7,0.13085255036451693,0.9482758620689655,0.5881751775741577,0.8333333333333334,0.001
50,8,0.0797065934487458,0.9827586206896551,0.6577882170677185,0.6666666666666666,0.001
50,9,0.07094205421363485,0.9655172413793104,0.6354471445083618,0.8333333333333334,0.001
50,10,0.05329149364140527,0.9827586206896551,0.5998486280441284,0.8333333333333334,0.001
50,11,0.047535423382089055,1.0,0.6197198629379272,0.8333333333333334,0.001
50,12,0.0434068290452505,1.0,0.6073693037033081,0.8333333333333334,0.001
50,13,0.03838433990062311,1.0,0.6074612736701965,0.8333333333333334,0.001
51,1,1.7751484256366203,0.5689655172413793,0.7876743078231812,0.5,0.001
51,2,0.47373295703838614,0.7241379310344828,0.2667471468448639,0.8333333333333334,0.001
51,3,0.49029539975112885,0.7413793103448276,0.8427162170410156,0.6666666666666666,0.001
51,4,0.7893959247860415,0.5517241379310345,1.9790235757827759,0.6666666666666666,0.001
51,5,1.5251035389715228,0.6379310344827587,0.1233273446559906,1.0,0.001
51,6,0.5103233898588424,0.8103448275862069,0.023670298978686333,1.0,0.001
51,7,0.12397672744981687,0.9482758620689655,0.20992238819599152,0.8333333333333334,0.001
51,8,0.16630367815879912,0.896551724137931,0.07554955780506134,1.0,0.001
51,9,0.0971675670609392,1.0,0.022191695868968964,1.0,0.001
51,10,0.059133107870303354,0.9827586206896551,0.08255214244127274,1.0,0.001
51,11,0.05434005171189021,1.0,0.03935662657022476,1.0,0.001
51,12,0.04196643135670958,1.0,0.038890860974788666,1.0,0.001
51,13,0.038466639302927874,1.0,0.047580502927303314,1.0,0.001
51,14,0.03765288355021641,1.0,0.03706604242324829,1.0,0.001
51,15,0.03387154897289543,1.0,0.04172319173812866,1.0,0.001
52,1,2.308343433100602,0.5344827586206896,2.1818978786468506,0.5,0.001
52,2,0.7416272507659321,0.7241379310344828,1.4600287675857544,0.5,0.001
52,3,0.27482732976305074,0.8448275862068966,0.804491400718689,0.5,0.001
52,4,0.20268211783520107,0.9310344827586207,0.37334969639778137,0.8333333333333334,0.001
52,5,0.17715113841254135,0.9310344827586207,0.5124796032905579,0.6666666666666666,0.001
52,6,0.1324249572795013,0.9655172413793104,0.6262428164482117,0.6666666666666666,0.001
52,7,0.09697022160579419,0.9827586206896551,0.552516758441925,0.6666666666666666,0.001
52,8,0.0802094807270272,0.9827586206896551,0.5107407569885254,0.6666666666666666,0.001
52,9,0.06720920652151108,0.9827586206896551,0.540296733379364,0.6666666666666666,0.001
52,10,0.05816934444010258,1.0,0.5751000642776489,0.6666666666666666,0.001
53,1,2.907713235938241,0.5344827586206896,1.3424022197723389,0.5,0.001
53,2,1.635291644211473,0.5517241379310345,2.9077422618865967,0.5,0.001
53,3,1.54733980215829,0.5517241379310345,0.35312214493751526,0.8333333333333334,0.001
53,4,0.42715842585111485,0.8275862068965517,0.08979124575853348,1.0,0.001
53,5,0.1484642095285757,0.9655172413793104,0.1844671368598938,0.8333333333333334,0.001
53,6,0.18772149978783623,0.8793103448275862,0.12728026509284973,1.0,0.001
53,7,0.13570808060467243,0.9482758620689655,0.06580869853496552,1.0,0.001
53,8,0.0922964535139758,0.9827586206896551,0.059624020010232925,1.0,0.001
53,9,0.0835126768797636,1.0,0.06641873717308044,1.0,0.001
53,10,0.08005544954332812,1.0,0.06284359842538834,1.0,0.001
53,11,0.07090031583632889,1.0,0.05753069743514061,1.0,0.001
53,12,0.06271925481871285,1.0,0.054943688213825226,1.0,0.001
53,13,0.05817424316473048,1.0,0.053044393658638,1.0,0.001
53,14,0.05251487013723316,1.0,0.050840575248003006,1.0,0.001
53,15,0.04992189903839909,1.0,0.04954163357615471,1.0,0.001
53,16,0.04642362475138286,1.0,0.046803221106529236,1.0,0.001
53,17,0.04230064686773152,1.0,0.04563197121024132,1.0,0.001
53,18,0.04085431145182971,1.0,0.04372190311551094,1.0,0.001
53,19,0.03780023682990979,1.0,0.04315054416656494,1.0,0.001
53,20,0.03614020826102331,1.0,0.04172418639063835,1.0,0.001
53,21,0.03426862824387077,1.0,0.04060417413711548,1.0,0.001
53,22,0.03222573306090359,1.0,0.03986791893839836,1.0,0.001
53,23,0.03093883578248065,1.0,0.03828144818544388,1.0,0.001
53,24,0.029465131943338906,1.0,0.037389520555734634,1.0,0.001
53,25,0.028669844863229786,1.0,0.037193797528743744,1.0,0.001
53,26,0.02702029625853074,1.0,0.03521794080734253,1.0,0.001
53,27,0.02611957450300969,1.0,0.035644229501485825,1.0,0.001
53,28,0.025561314044070655,1.0,0.03352750465273857,1.0,0.001
53,29,0.024039111212538235,1.0,0.03350307419896126,1.0,0.001
53,30,0.02340120815768324,1.0,0.032604098320007324,1.0,0.001
54,1,1.7546513121703575,0.4827586206896552,0.4025382697582245,0.8333333333333334,0.001
54,2,0.530770450573543,0.7586206896551724,0.34131163358688354,0.8333333333333334,0.001
54,3,0.5154634879837776,0.7413793103448276,0.43742018938064575,0.8333333333333334,0.001
54,4,0.43027624770485123,0.8103448275862069,0.32280901074409485,0.8333333333333334,0.001
54,5,0.38363351184746314,0.8103448275862069,0.4856192469596863,0.6666666666666666,0.001
54,6,0.3802409102690631,0.8103448275862069,1.5252830982208252,0.5,0.001
54,7,0.14152133631809005,0.9482758620689655,1.1631444692611694,0.5,0.001
54,8,0.05972848922528069,1.0,0.5592374801635742,0.5,0.001
54,9,0.05296092579976238,0.9827586206896551,0.9975540637969971,0.6666666666666666,0.001
54,10,0.03669958420354744,1.0,0.7315993309020996,0.6666666666666666,0.001
55,1,1.5426749319865787,0.5517241379310345,1.1026735305786133,0.5,0.001
55,2,0.38296727039690676,0.8275862068965517,2.4734303951263428,0.5,0.001
55,3,1.165809985892526,0.6896551724137931,2.583472967147827,0.5,0.001
55,4,2.4661586626336494,0.5689655172413793,0.7880855798721313,0.6666666666666666,0.001
55,5,0.34880575357839977,0.8793103448275862,0.7482357621192932,0.6666666666666666,0.001
55,6,0.40406801236857626,0.8448275862068966,0.7497490048408508,0.6666666666666666,0.001
55,7,0.5439458303394374,0.7586206896551724,0.45307207107543945,0.5,0.001
55,8,0.20983864158263493,0.9310344827586207,0.46934938430786133,0.6666666666666666,0.001
55,9,0.09950908446877167,0.9655172413793104,0.4951738119125366,0.5,0.001
55,10,0.07518305979540636,0.9827586206896551,0.46349409222602844,0.5,0.001
55,11,0.07020020905625203,0.9827586206896551,0.44375351071357727,0.6666666666666666,0.001
55,12,0.05606668824651118,1.0,0.4539472758769989,0.5,0.001
55,13,0.05115793427002841,1.0,0.4441666603088379,0.5,0.001
55,14,0.04737145530766454,1.0,0.4310796856880188,0.5,0.001
55,15,0.04219990214011792,1.0,0.435808926820755,0.5,0.001
55,16,0.039677197723810016,1.0,0.42618271708488464,0.5,0.001
55,17,0.03773525938520144,1.0,0.4157707989215851,0.5,0.001
55,18,0.03438309358497118,1.0,0.4164682924747467,0.5,0.001
55,19,0.03269618104115642,1.0,0.41258254647254944,0.5,0.001
55,20,0.03154551594293323,1.0,0.4047340154647827,0.5,0.001
55,21,0.02922174467801534,1.0,0.4038201868534088,0.5,0.001
55,22,0.02833939982770846,1.0,0.39865759015083313,0.5,0.001
55,23,0.026952998519971454,1.0,0.39449790120124817,0.5,0.001
55,24,0.02594573400786211,1.0,0.3910940885543823,0.5,0.001
55,25,0.024788416745462293,1.0,0.38943225145339966,0.6666666666666666,0.001
55,26,0.023807952581936943,1.0,0.38812553882598877,0.6666666666666666,0.001
55,27,0.023153016231311805,1.0,0.3831174671649933,0.5,0.001
55,28,0.022198533799884648,1.0,0.3854883313179016,0.6666666666666666,0.001
55,29,0.02160365094334401,1.0,0.37927091121673584,0.6666666666666666,0.001
55,30,0.021255324546504636,1.0,0.37866634130477905,0.6666666666666666,0.001
56,1,2.8865893688695183,0.5172413793103449,2.1941561698913574,0.6666666666666666,0.001
56,2,2.476654792654103,0.43103448275862066,1.0911966562271118,0.5,0.001
56,3,0.7463289453037854,0.7241379310344828,1.353334665298462,0.5,0.001
56,4,0.3065992368963258,0.896551724137931,0.1175348237156868,1.0,0.001
56,5,0.3340093957517168,0.8275862068965517,0.2054842710494995,0.8333333333333334,0.001
56,6,0.24777003371253095,0.8793103448275862,0.531163215637207,0.6666666666666666,0.001
56,7,0.1277025794160777,0.9655172413793104,0.32363322377204895,0.8333333333333334,0.001
56,8,0.09449749953787902,0.9827586206896551,0.2153937965631485,0.8333333333333334,0.001
56,9,0.08085202586291165,0.9827586206896551,0.25976184010505676,0.8333333333333334,0.001
56,10,0.06974131235017858,0.9827586206896551,0.26104170083999634,0.8333333333333334,0.001
57,1,1.7430157157881507,0.5172413793103449,0.44999927282333374,0.8333333333333334,0.001
57,2,0.7903326911659077,0.6724137931034483,0.21415868401527405,0.8333333333333334,0.001
57,3,0.3699073327127202,0.8275862068965517,0.18624216318130493,1.0,0.001
57,4,0.22430207220644788,0.9137931034482759,0.2842869460582733,0.8333333333333334,0.001
57,5,0.20730905093509575,0.9137931034482759,0.31423962116241455,0.8333333333333334,0.001
57,6,0.2082611267165891,0.896551724137931,0.24454672634601593,0.8333333333333334,0.001
57,7,0.1709414193856305,0.9655172413793104,0.25085097551345825,0.8333333333333334,0.001
57,8,0.14166998709070272,0.9655172413793104,0.5102328062057495,0.8333333333333334,0.001
57,9,0.24014513490015063,0.896551724137931,0.9699099659919739,0.6666666666666666,0.001
58,1,1.3626712760566895,0.6896551724137931,1.0411200523376465,0.16666666666666666,0.001
58,2,0.3593795237870052,0.8448275862068966,0.743420422077179,0.5,0.001
58,3,1.1316825902924454,0.6551724137931034,0.17166511714458466,1.0,0.001
58,4,1.5194949556527466,0.6379310344827587,1.1308488845825195,0.8333333333333334,0.001
58,5,1.7670723097077732,0.5517241379310345,0.09346053004264832,1.0,0.001
58,6,0.3638446610742088,0.8103448275862069,0.051226768642663956,1.0,0.001
58,7,0.18277405109256506,0.896551724137931,0.11107263714075089,1.0,0.001
58,8,0.15425777512377706,0.9482758620689655,0.05671211704611778,1.0,0.001
58,9,0.09821484661821661,0.9655172413793104,0.0358300618827343,1.0,0.001
58,10,0.06532823605912513,1.0,0.036201320588588715,1.0,0.001
58,11,0.061085249200977125,1.0,0.03392595052719116,1.0,0.001
58,12,0.05101088929022181,1.0,0.035407911986112595,1.0,0.001
58,13,0.043851795959575425,1.0,0.03383675590157509,1.0,0.001
58,14,0.04225924951506072,1.0,0.03423852473497391,1.0,0.001
58,15,0.0385614560981249,1.0,0.03461085259914398,1.0,0.001
58,16,0.036347855942259574,1.0,0.03375017270445824,1.0,0.001
58,17,0.034216377916264126,1.0,0.03416864201426506,1.0,0.001
58,18,0.03248898912991943,1.0,0.034218862652778625,1.0,0.001
58,19,0.030103546615433078,1.0,0.03373343497514725,1.0,0.001
58,20,0.028922878751723932,1.0,0.033464863896369934,1.0,0.001
58,21,0.027152058459689904,1.0,0.034101057797670364,1.0,0.001
58,22,0.02602790050401256,1.0,0.03266080841422081,1.0,0.001
58,23,0.025392193459616654,1.0,0.032891303300857544,1.0,0.001
58,24,0.024283141732729715,1.0,0.0327724814414978,1.0,0.001
58,25,0.023120778933938206,1.0,0.03283267840743065,1.0,0.001
58,26,0.022112750255599105,1.0,0.03240334615111351,1.0,0.001
58,27,0.02156122306618711,1.0,0.032069675624370575,1.0,0.001
58,28,0.020713840627336298,1.0,0.03246352821588516,1.0,0.001
58,29,0.019840675775475543,1.0,0.0324535109102726,1.0,0.001
58,30,0.019518102695844298,1.0,0.03177089989185333,1.0,0.001
59,1,2.23847137031884,0.5172413793103449,0.8660497069358826,0.6666666666666666,0.001
59,2,0.6448291046866055,0.7413793103448276,0.5057836174964905,0.8333333333333334,0.001
59,3,0.3914952874183655,0.8103448275862069,0.40997856855392456,0.8333333333333334,0.001
59,4,0.3611223386793301,0.8448275862068966,0.38935717940330505,0.8333333333333334,0.001
59,5,0.3019858781119873,0.8103448275862069,0.8115538358688354,0.5,0.001
59,6,0.26122005727013636,0.8620689655172413,1.7954425811767578,0.3333333333333333,0.001
59,7,0.3787388288383854,0.8448275862068966,0.9419867396354675,0.5,0.001
59,8,0.4063578215909415,0.8275862068965517,0.21172872185707092,0.8333333333333334,0.001
59,9,0.25457632729526736,0.8620689655172413,0.2586541771888733,0.8333333333333334,0.001
59,10,0.08976438734680414,0.9655172413793104,0.2888207733631134,0.8333333333333334,0.001
59,11,0.05238544054586312,1.0,0.268726110458374,0.8333333333333334,0.001
59,12,0.05043084424888265,1.0,0.2185216099023819,1.0,0.001
59,13,0.038536880438312375,1.0,0.24756498634815216,0.8333333333333334,0.001
59,14,0.03595759350292642,1.0,0.23730526864528656,1.0,0.001
60,1,2.7214201102996696,0.39655172413793105,2.639516830444336,0.16666666666666666,0.001
60,2,0.7904728129506111,0.603448275862069,0.7886001467704773,0.3333333333333333,0.001
60,3,0.4524623880098606,0.8103448275862069,0.15447139739990234,1.0,0.001
60,4,0.45896321509418814,0.7931034482758621,0.4055175185203552,0.8333333333333334,0.001
60,5,0.46231968469660856,0.7931034482758621,0.20361670851707458,0.8333333333333334,0.001
60,6,0.2632093095573886,0.8793103448275862,0.2067403495311737,1.0,0.001
60,7,0.15210046773326807,0.9655172413793104,0.2878110110759735,0.6666666666666666,0.001
60,8,0.09393137577792694,0.9827586206896551,0.2831156551837921,1.0,0.001
60,9,0.07573661799060888,1.0,0.27198904752731323,1.0,0.001
61,1,2.713647762249256,0.5,0.2701876163482666,1.0,0.001
61,2,2.248342002260274,0.6551724137931034,1.9908976554870605,0.5,0.001
61,3,2.292843776530233,0.4482758620689655,0.03607496991753578,1.0,0.001
61,4,0.5038873943789252,0.7586206896551724,0.07795484364032745,1.0,0.001
61,5,0.20224131810767898,0.9310344827586207,0.009246930480003357,1.0,0.001
61,6,0.3879125076506672,0.8275862068965517,0.010413695126771927,1.0,0.001
61,7,0.3702783350800646,0.8448275862068966,0.036496903747320175,1.0,0.001
61,8,0.20846318222325425,0.9137931034482759,0.11463869363069534,1.0,0.001
61,9,0.11556028484784324,0.9655172413793104,0.13753172755241394,0.8333333333333334,0.001
61,10,0.08959762411641664,0.9827586206896551,0.1178518608212471,1.0,0.001
61,11,0.08399365572579975,0.9827586206896551,0.14022770524024963,0.8333333333333334,0.001
62,1,2.507263216479071,0.39655172413793105,0.244154691696167,0.8333333333333334,0.001
62,2,0.7769335220599997,0.6379310344827587,0.0925261527299881,1.0,0.001
62,3,0.4704299209446743,0.8103448275862069,0.09038105607032776,1.0,0.001
62,4,0.515256589856641,0.7931034482758621,0.04049178585410118,1.0,0.001
62,5,0.4014927147534387,0.8103448275862069,0.20847053825855255,0.8333333333333334,0.001
62,6,0.2559448079173935,0.8620689655172413,0.3088334798812866,0.8333333333333334,0.001
62,7,0.17257849139900044,0.9137931034482759,0.15348686277866364,0.8333333333333334,0.001
62,8,0.11392882626889081,0.9655172413793104,0.07195580005645752,1.0,0.001
62,9,0.1060943724266414,0.9655172413793104,0.07853596657514572,1.0,0.001
62,10,0.08727497112905157,0.9827586206896551,0.128507599234581,0.8333333333333334,0.001
63,1,2.7626751300505363,0.7586206896551724,4.674291133880615,0.6666666666666666,0.001
63,2,7.918061382683186,0.27586206896551724,5.464111328125,0.3333333333333333,0.001
63,3,0.5292910309950019,0.8103448275862069,0.36841148138046265,0.6666666666666666,0.001
63,4,0.553603726214376,0.7068965517241379,0.33871716260910034,0.6666666666666666,0.001
63,5,0.768215778572806,0.6379310344827587,0.3259790539741516,0.8333333333333334,0.001
63,6,0.4603171032564393,0.7758620689655172,0.7563802599906921,0.5,0.001
63,7,0.21310211634584542,0.9137931034482759,0.22010280191898346,1.0,0.001
63,8,0.15245311707258224,0.9482758620689655,0.2474547028541565,0.8333333333333334,0.001
63,9,0.13837724564404325,0.9655172413793104,0.32006746530532837,0.8333333333333334,0.001
63,10,0.11606400607731836,0.9655172413793104,0.2724831998348236,0.8333333333333334,0.001
63,11,0.09744862454204724,0.9827586206896551,0.23344092071056366,1.0,0.001
63,12,0.08877124733709056,0.9827586206896551,0.23287814855575562,1.0,0.001
63,13,0.08220307676699655,1.0,0.23687762022018433,1.0,0.001
64,1,3.0380696263806573,0.46551724137931033,0.3208039700984955,1.0,0.001
64,2,1.1081443151523327,0.5862068965517241,0.4202130436897278,0.8333333333333334,0.001
64,3,0.6667209647852799,0.7241379310344828,0.3240468204021454,0.8333333333333334,0.001
64,4,0.5159164651714522,0.7241379310344828,0.1955558806657791,0.8333333333333334,0.001
64,5,0.36671159365053835,0.8275862068965517,0.6440276503562927,0.6666666666666666,0.001
64,6,0.2181617683602561,0.9137931034482759,0.28702494502067566,0.8333333333333334,0.001
64,7,0.14327335462038374,0.9310344827586207,0.12045799940824509,1.0,0.001
64,8,0.09398051608225395,0.9655172413793104,0.14566048979759216,1.0,0.001
64,9,0.08187014371927442,1.0,0.16384565830230713,1.0,0.001
64,10,0.0700360008932907,1.0,0.1451195478439331,1.0,0.001
64,11,0.06088336088277142,1.0,0.13654249906539917,1.0,0.001
64,12,0.055598400404741025,1.0,0.13769520819187164,1.0,0.001
64,13,0.051032262629476084,1.0,0.14272987842559814,1.0,0.001
65,1,1.3199848769039944,0.5689655172413793,1.5879292488098145,0.5,0.001
65,2,0.7185007549565414,0.7068965517241379,1.6727533340454102,0.5,0.001
65,3,0.5406810358680528,0.7758620689655172,1.9002071619033813,0.5,0.001
65,4,0.7627117371764677,0.7758620689655172,0.6334593892097473,0.6666666666666666,0.001
65,5,0.563017503711684,0.8103448275862069,0.9640835523605347,0.6666666666666666,0.001
65,6,0.16761848664489284,0.896551724137931,0.7149608731269836,0.6666666666666666,0.001
65,7,0.13228931127051854,0.9482758620689655,0.693276584148407,0.6666666666666666,0.001
65,8,0.1445692090381836,0.9482758620689655,0.6309805512428284,0.6666666666666666,0.001
65,9,0.07365193934147728,0.9827586206896551,0.6344094276428223,0.6666666666666666,0.001
65,10,0.05383297380316874,1.0,0.6519681811332703,0.6666666666666666,0.001
65,11,0.04875756684562255,1.0,0.6481515765190125,0.6666666666666666,0.001
65,12,0.04134299920807625,1.0,0.6641818284988403,0.6666666666666666,0.001
65,13,0.03736510493888937,1.0,0.6695727705955505,0.6666666666666666,0.001
65,14,0.035044972560015215,1.0,0.6736091375350952,0.6666666666666666,0.001
